id,inventory_id,set_num,quantity
1,35,75911-1,1
2,35,75912-1,1
3,39,75048-1,1
4,39,75053-1,1
5,50,4515-1,1
6,50,4520-1,2
7,50,4531-1,1
8,71,7690-1,1
9,71,7691-1,1
10,71,7692-1,1
11,71,7693-1,1
12,71,7694-1,1
13,71,7695-1,1
14,71,7697-1,1
15,81,8451-1,1
16,81,8453-1,1
17,87,10233-1,1
18,87,88002-1,1
19,87,8870-1,1
20,87,8878-1,1
21,87,8879-1,1
22,87,8884-1,1
23,104,4103-1,1
24,104,4782-1,1
25,122,7238-1,1
26,122,7890-1,1
27,122,7944-1,1
28,131,7634-1,1
29,131,7635-1,1
30,131,7684-1,1
31,251,3886-2,1
32,263,7575-10,1
33,263,7575-11,1
34,263,7575-12,1
35,263,7575-13,1
36,263,7575-14,1
37,263,7575-15,1
38,263,7575-16,1
39,263,7575-17,1
40,263,7575-18,1
41,263,7575-19,1
42,263,7575-2,1
43,263,7575-20,1
44,263,7575-21,1
45,263,7575-22,1
46,263,7575-23,1
47,263,7575-24,1
48,263,7575-25,1
49,263,7575-3,1
50,263,7575-4,1
51,263,7575-5,1
52,263,7575-6,1
53,263,7575-7,1
54,263,7575-8,1
55,263,7575-9,1
56,305,6299-10,1
57,305,6299-11,1
58,305,6299-12,1
59,305,6299-13,1
60,305,6299-14,1
61,305,6299-15,1
62,305,6299-16,1
63,305,6299-17,1
64,305,6299-18,1
65,305,6299-19,1
66,305,6299-2,1
67,305,6299-20,1
68,305,6299-21,1
69,305,6299-22,1
70,305,6299-23,1
71,305,6299-24,1
72,305,6299-25,1
73,305,6299-3,1
74,305,6299-4,1
75,305,6299-5,1
76,305,6299-6,1
77,305,6299-7,1
78,305,6299-8,1
79,305,6299-9,1
80,309,4515-1,7
81,309,4520-1,5
82,309,4531-1,3
83,311,8593-1,1
84,311,8596-1,1
85,398,71010-1,1
86,398,71010-10,1
87,398,71010-11,1
88,398,71010-12,1
89,398,71010-13,1
90,398,71010-14,1
91,398,71010-15,1
92,398,71010-16,1
93,398,71010-2,1
94,398,71010-3,1
95,398,71010-4,1
96,398,71010-5,1
97,398,71010-6,1
98,398,71010-7,1
99,398,71010-8,1
100,398,71010-9,1
101,473,8756-1,1
102,473,8762-1,1
103,500,9677-1,1
104,500,9678-1,1
105,500,9679-1,1
106,515,3741-1,1
107,515,3745-1,1
108,525,7121-1,1
109,525,7151-1,1
110,528,6604-1,1
111,528,6622-1,1
112,528,6633-1,1
113,561,4515-1,1
114,561,4520-1,2
115,580,3402-1,2
116,580,3403-1,1
117,580,3406-1,1
118,580,3408-1,1
119,580,3409-1,1
120,612,4500-1,1
121,612,4504-1,1
122,614,9441-1,1
123,614,9442-1,1
124,614,9591-1,1
125,695,8607-1,1
126,695,8611-1,1
127,695,8614-1,1
128,695,8616-1,1
129,695,8618-1,1
130,708,4180878,1
131,708,8560-1,1
132,708,8564-1,1
133,710,8602-1,1
134,710,8606-1,1
135,710,8614-1,1
136,710,8615-1,1
137,710,8616-1,1
138,758,6712-1,1
139,758,6716-1,1
140,758,6755-1,1
141,766,7958-10,1
142,766,7958-11,1
143,766,7958-12,1
144,766,7958-13,1
145,766,7958-14,1
146,766,7958-15,1
147,766,7958-16,1
148,766,7958-17,1
149,766,7958-18,1
150,766,7958-19,1
151,766,7958-2,1
152,766,7958-20,1
153,766,7958-21,1
154,766,7958-22,1
155,766,7958-23,1
156,766,7958-24,1
157,766,7958-25,1
158,766,7958-3,1
159,766,7958-4,1
160,766,7958-5,1
161,766,7958-6,1
162,766,7958-7,1
163,766,7958-8,1
164,766,7958-9,1
165,889,9490-1,1
166,889,9492-1,1
167,889,9496-1,1
168,908,7030-1,1
169,908,7031-1,1
170,908,7032-1,1
171,908,7033-1,1
172,908,7034-1,1
173,908,7035-1,1
174,909,1557-1,1
175,909,1558-1,1
176,916,76029-1,1
177,916,76030-1,1
178,916,76031-1,1
179,916,76032-1,1
180,916,76038-1,1
181,916,76041-1,1
182,920,9674-1,1
183,920,9675-1,1
184,920,9676-1,1
185,962,7990-1,1
186,962,7991-1,1
187,962,7993-1,1
188,973,8870-1,1
189,973,8878-1,1
190,973,8879-1,1
191,973,8882-1,1
192,973,8884-1,1
193,1130,20203-1,1
194,1130,20204-1,1
195,1130,20205-1,1
196,1131,8762-1,1
197,1131,8763-1,1
198,1159,71000-1,1
199,1159,71000-10,1
200,1159,71000-11,1
201,1159,71000-12,1
202,1159,71000-13,1
203,1159,71000-14,1
204,1159,71000-15,1
205,1159,71000-16,1
206,1159,71000-2,1
207,1159,71000-3,1
208,1159,71000-4,1
209,1159,71000-5,1
210,1159,71000-6,1
211,1159,71000-7,1
212,1159,71000-8,1
213,1159,71000-9,1
214,1203,5928-1,1
215,1203,5938-1,1
216,1203,5988-1,1
217,1205,7239-1,1
218,1205,7733-1,1
219,1238,6800-1,1
220,1238,6818-1,1
221,1238,6836-1,1
222,1255,8621-1,1
223,1255,8622-1,1
224,1255,8623-1,1
225,1268,6837-1,1
226,1268,6905-1,1
227,1269,8615-1,1
228,1269,8617-1,1
229,1269,8619-1,1
230,1289,8593-1,1
231,1289,8596-1,1
232,1315,3740-1,1
233,1315,3746-1,1
234,1317,3740-1,1
235,1317,3742-1,1
236,1317,3745-1,1
237,1323,6239-1,1
238,1323,6240-1,1
239,1323,6241-1,1
240,1323,6242-1,1
241,1323,6243-1,1
242,1323,8396-1,1
243,1323,8397-1,1
244,1334,850842-1,1
245,1334,850849-1,1
246,1334,850850-1,1
247,1334,850851-1,1
248,1334,850949-1,1
249,1334,850950-1,1
250,1347,8202-1,2
251,1347,8213-1,1
252,1347,8226-1,1
253,1347,8248-1,1
254,1371,6611-1,1
255,1371,6623-1,1
256,1371,6624-1,1
257,1373,1294-1,1
258,1373,1295-1,1
259,1373,1296-1,1
260,1373,1297-1,1
261,1401,7235-1,1
262,1401,7236-1,1
263,1401,7238-1,1
264,1401,7241-1,1
265,1418,5613-1,1
266,1418,7239-1,1
267,1418,7241-1,1
268,1418,7906-1,1
269,1418,7942-1,1
270,1418,7944-1,1
271,1418,7945-1,1
272,1421,7869-1,1
273,1421,7913-1,1
274,1421,7914-1,1
275,1438,8148-1,1
276,1438,8149-1,1
277,1438,8150-1,1
278,1438,8151-1,1
279,1621,8573-1,1
280,1621,8574-1,1
281,1634,4709-1,1
282,1634,4729-1,1
283,1634,4730-1,1
284,1645,1958-1,1
285,1645,1959-1,1
286,1645,1969-1,1
287,1645,1970-1,1
288,1645,1971-1,1
289,1649,4436-1,1
290,1649,4437-1,1
291,1680,8358-1,1
292,1680,8359-1,1
293,1680,8360-1,1
294,1716,1517-1,1
295,1716,1518-1,1
296,1726,4200-1,1
297,1726,4201-1,1
298,1726,4202-1,1
299,1726,4203-1,1
300,1726,4204-1,1
301,1732,7213-1,1
302,1732,7241-1,1
303,1732,7942-1,1
304,1739,6807-1,1
305,1739,6822-1,1
306,1739,6823-1,1
307,1765,4600-1,1
308,1765,4604-1,1
309,1765,4606-1,1
310,1765,4609-1,1
311,1791,7418-1,1
312,1795,8560-1,1
313,1795,8561-1,1
314,1795,8562-1,1
315,1795,8563-1,1
316,1795,8564-1,1
317,1795,8565-1,1
318,1795,8569-1,2
319,1888,4886-1,1
320,1888,7280-1,1
321,1888,7281-1,1
322,1899,60063-10,1
323,1899,60063-11,1
324,1899,60063-12,1
325,1899,60063-13,1
326,1899,60063-14,1
327,1899,60063-15,1
328,1899,60063-16,1
329,1899,60063-17,1
330,1899,60063-18,1
331,1899,60063-19,1
332,1899,60063-2,1
333,1899,60063-20,1
334,1899,60063-21,1
335,1899,60063-22,1
336,1899,60063-23,1
337,1899,60063-24,1
338,1899,60063-25,1
339,1899,60063-3,1
340,1899,60063-4,1
341,1899,60063-5,1
342,1899,60063-6,1
343,1899,60063-7,1
344,1899,60063-8,1
345,1899,60063-9,1
346,1936,3350-1,1
347,1936,3351-1,1
348,1989,8827-1,1
349,1989,8827-10,1
350,1989,8827-11,1
351,1989,8827-12,1
352,1989,8827-13,1
353,1989,8827-14,1
354,1989,8827-15,1
355,1989,8827-16,1
356,1989,8827-2,1
357,1989,8827-3,1
358,1989,8827-4,1
359,1989,8827-5,1
360,1989,8827-6,1
361,1989,8827-7,1
362,1989,8827-8,1
363,1989,8827-9,1
364,2009,8354-1,1
365,2009,8355-1,1
366,2054,3741-1,1
367,2054,3742-1,1
368,2054,3743-1,1
369,2103,7895-1,3
370,2103,7896-1,3
371,2114,9700-1,1
372,2114,9750-1,1
373,2114,9767-1,1
374,2216,6016-1,1
375,2216,6041-1,1
376,2239,1374-1,1
377,2239,1376-1,1
378,2239,4850-1,1
379,2239,4851-1,1
380,2239,4852-1,1
381,2258,8916-1,1
382,2258,8917-1,1
383,2258,8918-1,1
384,2258,8919-1,1
385,2258,8920-1,1
386,2258,8921-1,1
387,2270,3740-1,1
388,2270,3742-1,1
389,2270,3744-1,1
390,2364,8130-1,1
391,2364,8131-1,1
392,2364,8132-1,1
393,2364,8133-1,1
394,2382,10127-1,2
395,2382,3544-1,1
396,2427,8587-1,1
397,2427,8588-1,1
398,2427,8589-1,1
399,2427,8590-1,1
400,2427,8591-1,1
401,2427,8592-1,1
402,2445,8512-1,1
403,2445,8514-1,1
404,2456,3800-1,1
405,2456,3801-1,1
406,2456,3804-1,1
407,2481,4853-1,1
408,2481,4857-1,1
409,2488,10131-1,1
410,2488,4502-1,1
411,2488,4504-1,1
412,2514,4443-1,1
413,2514,4444-1,1
414,2514,4445-1,1
415,2514,4446-1,1
416,2514,4447-1,1
417,2514,4448-1,1
418,2514,4449-1,1
419,2514,4450-1,1
420,2514,4451-1,1
421,2514,4452-1,1
422,2514,4453-1,1
423,2514,4454-1,1
424,2514,4455-1,1
425,2514,4456-1,1
426,2514,4457-1,1
427,2514,4458-1,1
428,2514,4459-1,1
429,2514,4460-1,1
430,2514,4461-1,1
431,2514,4462-1,1
432,2514,4463-1,1
433,2514,4464-1,1
434,2514,4465-1,1
435,2514,4466-1,1
436,2514,4467-1,1
437,2514,4468-1,1
438,2514,4469-1,1
439,2514,4470-1,1
440,2514,4471-1,1
441,2514,4472-1,1
442,2544,41548-1,1
443,2544,41549-1,1
444,2544,41550-1,1
445,2559,7235-2,1
446,2559,7236-2,1
447,2559,7245-2,1
448,2559,7741-1,1
449,2577,4695-1,1
450,2577,4755-1,1
451,2584,75056-10,1
452,2584,75056-11,1
453,2584,75056-12,1
454,2584,75056-13,1
455,2584,75056-14,1
456,2584,75056-15,1
457,2584,75056-16,1
458,2584,75056-17,1
459,2584,75056-18,1
460,2584,75056-19,1
461,2584,75056-2,1
462,2584,75056-20,1
463,2584,75056-21,1
464,2584,75056-22,1
465,2584,75056-23,1
466,2584,75056-24,1
467,2584,75056-25,1
468,2584,75056-3,1
469,2584,75056-4,1
470,2584,75056-5,1
471,2584,75056-6,1
472,2584,75056-7,1
473,2584,75056-8,1
474,2584,75056-9,1
475,2636,7009-1,1
476,2636,7029-1,1
477,2636,7090-1,1
478,2636,7091-1,1
479,2636,7092-1,1
480,2636,7093-1,1
481,2636,7094-1,1
482,2643,4208-1,1
483,2643,4209-1,1
484,2643,4427-1,1
485,2648,7741-1,1
486,2648,7743-1,1
487,2648,7744-1,1
488,2677,4512-1,1
489,2677,4514-1,1
490,2723,7245-2,1
491,2723,7741-1,1
492,2725,60041-1,1
493,2725,60042-1,1
494,2725,60046-1,1
495,2738,4511-1,1
496,2738,4513-1,1
497,2793,8585-1,1
498,2793,8586-1,1
499,2814,2995-1,1
500,2814,2996-1,1
501,2836,6604-1,1
502,2836,6621-1,1
503,2836,6630-1,1
504,2849,6325-1,1
505,2849,6328-1,1
506,2849,6422-1,1
507,2849,6486-1,1
508,2849,6564-1,1
509,2849,6565-1,1
510,2883,3316-10,1
511,2883,3316-11,1
512,2883,3316-12,1
513,2883,3316-13,1
514,2883,3316-14,1
515,2883,3316-15,1
516,2883,3316-16,1
517,2883,3316-17,1
518,2883,3316-18,1
519,2883,3316-19,1
520,2883,3316-2,1
521,2883,3316-20,1
522,2883,3316-21,1
523,2883,3316-22,1
524,2883,3316-23,1
525,2883,3316-24,1
526,2883,3316-25,1
527,2883,3316-3,1
528,2883,3316-4,1
529,2883,3316-5,1
530,2883,3316-6,1
531,2883,3316-7,1
532,2883,3316-8,1
533,2883,3316-9,1
534,2892,8984-1,1
535,2892,8985-1,1
536,2892,8986-1,1
537,2892,8987-1,1
538,2892,8988-1,1
539,2892,8989-1,1
540,2898,3070-1,1
541,2898,3071-1,1
542,2898,3072-1,1
543,2898,3073-1,1
544,2915,4705-1,1
545,2915,4709-1,1
546,2915,4730-1,1
547,2916,6801-1,1
548,2916,6822-1,1
549,2916,6823-1,1
550,2917,4524-10,1
551,2917,4524-11,1
552,2917,4524-12,1
553,2917,4524-13,1
554,2917,4524-14,1
555,2917,4524-15,1
556,2917,4524-16,1
557,2917,4524-17,1
558,2917,4524-18,1
559,2917,4524-19,1
560,2917,4524-2,1
561,2917,4524-20,1
562,2917,4524-21,1
563,2917,4524-22,1
564,2917,4524-23,1
565,2917,4524-24,1
566,2917,4524-25,1
567,2917,4524-3,1
568,2917,4524-4,1
569,2917,4524-5,1
570,2917,4524-6,1
571,2917,4524-7,1
572,2917,4524-8,1
573,2917,4524-9,1
574,2943,4484-1,1
575,2943,4485-1,1
576,2943,4486-1,1
577,2943,4487-1,1
578,2948,1431-1,1
579,2948,1432-1,1
580,2948,1433-1,1
581,2948,1434-1,1
582,2989,20201-1,1
583,2989,20202-1,1
584,3044,2065-1,1
585,3044,2067-1,1
586,3053,7242-1,1
587,3053,7246-1,1
588,3053,7248-1,1
589,3092,6008-1,1
590,3092,6027-1,1
591,3092,6037-1,1
592,3109,7238-1,1
593,3109,7239-1,1
594,3109,7240-1,1
595,3109,7241-1,1
596,3110,9497-1,1
597,3110,9500-1,1
598,3162,41040-10,1
599,3162,41040-11,1
600,3162,41040-12,1
601,3162,41040-13,1
602,3162,41040-14,1
603,3162,41040-15,1
604,3162,41040-16,1
605,3162,41040-17,1
606,3162,41040-18,1
607,3162,41040-19,1
608,3162,41040-2,1
609,3162,41040-20,1
610,3162,41040-21,1
611,3162,41040-22,1
612,3162,41040-23,1
613,3162,41040-24,1
614,3162,41040-25,1
615,3162,41040-3,1
616,3162,41040-4,1
617,3162,41040-5,1
618,3162,41040-6,1
619,3162,41040-7,1
620,3162,41040-8,1
621,3162,41040-9,1
622,3260,3740-1,1
623,3260,3744-1,1
624,3271,71007-1,1
625,3271,71007-10,1
626,3271,71007-11,1
627,3271,71007-12,1
628,3271,71007-13,1
629,3271,71007-14,1
630,3271,71007-15,1
631,3271,71007-16,1
632,3271,71007-2,1
633,3271,71007-3,1
634,3271,71007-4,1
635,3271,71007-5,1
636,3271,71007-6,1
637,3271,71007-7,1
638,3271,71007-8,1
639,3271,71007-9,1
640,3284,8562-1,1
641,3284,8564-1,1
642,3284,8565-1,1
643,3292,8573-1,1
644,3292,8574-1,1
645,3292,8575-1,1
646,3292,8576-1,1
647,3292,8577-1,1
648,3292,8578-1,1
649,3309,8831-0,60
650,3313,7242-1,1
651,3313,7243-1,1
652,3313,7248-1,1
653,3313,7249-1,1
654,3339,7245-1,1
655,3339,7732-1,1
656,3339,8401-1,1
657,3343,8601-1,1
658,3343,8603-1,1
659,3344,9461-1,1
660,3344,9462-1,1
661,3344,9463-1,1
662,3344,9464-1,1
663,3344,9466-1,1
664,3344,9467-1,1
665,3344,9468-1,1
666,3351,8909-1,1
667,3351,8909-2,1
668,3351,8909-3,1
669,3351,8909-4,1
670,3351,8909-5,1
671,3351,8909-6,1
672,3351,8909-7,1
673,3351,8909-8,1
674,3351,8909-9,1
675,3365,fruit1-1,1
676,3365,fruit2-1,1
677,3365,fruit3-1,1
678,3365,fruit4-1,1
679,3365,fruit5-1,1
680,3365,fruit6-1,1
681,3365,fruit7-1,1
682,3365,fruit8-1,1
683,3367,1413-1,1
684,3367,1414-1,1
685,3367,1415-1,1
686,3367,1416-1,1
687,3392,8909-0,60
688,3422,3404-1,1
689,3435,8672-1,1
690,3435,8673-1,1
691,3467,3340-1,1
692,3467,3341-1,1
693,3467,3342-1,1
694,3467,3343-1,1
695,3550,8381-1,1
696,3550,8382-1,1
697,3574,00-2,1
698,3574,00-3,1
699,3574,00-4,1
700,3586,8566-1,1
701,3586,8567-1,1
702,3586,8568-1,1
703,3586,8570-1,1
704,3586,8571-1,1
705,3586,8572-1,1
706,3621,70410-1,1
707,3621,70412-1,1
708,3690,7957-1,1
709,3690,7961-1,1
710,3691,9440-1,1
711,3691,9441-1,1
712,3691,9444-1,1
713,3694,3741-1,1
714,3694,3742-1,1
715,3694,3747-1,1
716,3699,8772-1,1
717,3699,8774-1,1
718,3705,3804-1,1
719,3705,9738-1,1
720,3705,9916-1,1
721,3755,1528-1,1
722,3755,1572-1,1
723,3764,7207-1,1
724,3764,7213-1,1
725,3764,7241-1,1
726,3764,7942-1,1
727,3792,7121-1,1
728,3792,7161-1,1
729,3941,75000-1,1
730,3941,75003-1,1
731,3941,75014-1,1
732,3963,8736-1,1
733,3963,8737-1,1
734,3963,8738-1,1
735,3963,8739-1,1
736,3963,8740-1,1
737,3963,8741-1,1
738,3989,8587-1,1
739,3989,8591-1,1
740,4041,41551-1,1
741,4041,41552-1,1
742,4041,41553-1,1
743,4051,75023-10,1
744,4051,75023-11,1
745,4051,75023-12,1
746,4051,75023-13,1
747,4051,75023-14,1
748,4051,75023-15,1
749,4051,75023-16,1
750,4051,75023-17,1
751,4051,75023-18,1
752,4051,75023-19,1
753,4051,75023-2,1
754,4051,75023-20,1
755,4051,75023-21,1
756,4051,75023-22,1
757,4051,75023-23,1
758,4051,75023-24,1
759,4051,75023-25,1
760,4051,75023-3,1
761,4051,75023-4,1
762,4051,75023-5,1
763,4051,75023-6,1
764,4051,75023-7,1
765,4051,75023-8,1
766,4051,75023-9,1
767,4083,7142-1,1
768,4083,7152-1,1
769,4133,8804-0,60
770,4187,7890-1,1
771,4187,7892-1,1
772,4187,7902-1,1
773,4187,7903-1,1
774,4261,7238-1,1
775,4261,7239-1,2
776,4261,7942-1,1
777,4261,7944-1,1
778,4261,7945-1,1
779,4278,7952-10,1
780,4278,7952-11,1
781,4278,7952-12,1
782,4278,7952-13,1
783,4278,7952-14,1
784,4278,7952-15,1
785,4278,7952-16,1
786,4278,7952-17,1
787,4278,7952-18,1
788,4278,7952-19,1
789,4278,7952-2,1
790,4278,7952-20,1
791,4278,7952-21,1
792,4278,7952-22,1
793,4278,7952-23,1
794,4278,7952-24,1
795,4278,7952-25,1
796,4278,7952-3,1
797,4278,7952-4,1
798,4278,7952-5,1
799,4278,7952-6,1
800,4278,7952-7,1
801,4278,7952-8,1
802,4278,7952-9,1
803,4288,60004-1,1
804,4288,850618-1,1
805,4365,4335-1,1
806,4365,4346-1,1
807,4365,4347-1,1
808,4365,4348-1,1
809,4365,4349-1,1
810,4394,1974-2,1
811,4394,1974-3,1
812,4394,1974-4,1
813,4430,7235-1,1
814,4430,7236-1,1
815,4430,7238-1,1
816,4430,7241-1,1
817,4467,6824-1,1
818,4467,886-1,1
819,4467,889-1,1
820,4536,1421-1,1
821,4536,1422-1,1
822,4536,1423-1,1
823,4536,1424-1,1
824,4553,8978-1,1
825,4553,8979-1,1
826,4553,8980-1,1
827,4553,8981-1,1
828,4553,8982-1,1
829,4553,8983-1,1
830,4570,4210-1,1
831,4570,7736-1,1
832,4570,7737-1,1
833,4570,7738-1,1
834,4577,8727-1,1
835,4577,8728-1,1
836,4643,6407-1,1
837,4643,6554-1,1
838,4643,6564-1,1
839,4666,71008-0,60
840,4718,10081-1,1
841,4718,10082-1,1
842,4718,10083-1,1
843,4719,6900-1,1
844,4739,2143-1,1
845,4739,2145-1,1
846,4771,7630-1,1
847,4771,7633-1,1
848,4771,7990-1,1
849,4806,3740-1,1
850,4806,3745-1,1
851,4832,8782-1,1
852,4832,8786-1,1
853,4863,5515-1,1
854,4863,5537-1,1
855,4874,8581-1,1
856,4874,8582-1,1
857,4874,8583-1,1
858,4874,8584-1,1
859,4874,8585-1,1
860,4874,8586-1,1
861,4918,8779-1,1
862,4941,75037-1,1
863,4941,75038-1,1
864,4941,75045-1,1
865,4969,7043-1,1
866,4969,7238-1,1
867,4969,7239-1,1
868,4969,7240-1,1
869,4969,7241-1,1
870,4971,41044-1,1
871,4971,41045-1,1
872,4971,41046-1,1
873,4987,8684-1,1
874,4987,8684-10,1
875,4987,8684-11,1
876,4987,8684-12,1
877,4987,8684-13,1
878,4987,8684-14,1
879,4987,8684-15,1
880,4987,8684-16,1
881,4987,8684-2,1
882,4987,8684-3,1
883,4987,8684-4,1
884,4987,8684-5,1
885,4987,8684-6,1
886,4987,8684-7,1
887,4987,8684-8,1
888,4987,8684-9,1
889,4993,6814-1,1
890,4993,6879-1,1
891,4993,6898-1,1
892,5039,7422-1,1
893,5039,7423-1,1
894,5039,7424-1,1
895,5093,6271-1,1
896,5097,1794-1,1
897,5097,1795-1,1
898,5110,5610-1,1
899,5110,5612-1,1
900,5110,5613-1,1
901,5110,7236-1,1
902,5110,7630-1,1
903,5110,7942-1,1
904,5114,7690-1,1
905,5114,7691-1,1
906,5114,7692-1,1
907,5114,7693-1,1
908,5114,7694-1,1
909,5114,7695-1,1
910,5114,7697-1,1
911,5114,7699-1,1
912,5133,71004-1,1
913,5133,71004-10,1
914,5133,71004-11,1
915,5133,71004-12,1
916,5133,71004-13,1
917,5133,71004-14,1
918,5133,71004-15,1
919,5133,71004-16,1
920,5133,71004-2,1
921,5133,71004-3,1
922,5133,71004-4,1
923,5133,71004-5,1
924,5133,71004-6,1
925,5133,71004-7,1
926,5133,71004-8,1
927,5133,71004-9,1
928,5137,8614-1,1
929,5137,8615-1,1
930,5137,8616-1,1
931,5137,8617-1,1
932,5137,8618-1,1
933,5137,8619-1,1
934,5183,8910-1,1
935,5183,8911-1,1
936,5183,8912-1,1
937,5183,8913-1,1
938,5183,8914-1,1
939,5183,8915-1,1
940,5195,3740-1,1
941,5195,3742-1,1
942,5195,3743-1,1
943,5217,2854-1,1
944,5217,8202-1,1
945,5248,8100-1,1
946,5248,8101-1,1
947,5248,8102-1,1
948,5248,8103-1,1
949,5248,8104-1,1
950,5248,8105-1,1
951,5358,10158-1,2
952,5358,4511-1,1
953,5358,4515-1,1
954,5366,71001-1,1
955,5366,71001-10,1
956,5366,71001-11,1
957,5366,71001-12,1
958,5366,71001-13,1
959,5366,71001-14,1
960,5366,71001-15,1
961,5366,71001-16,1
962,5366,71001-2,1
963,5366,71001-3,1
964,5366,71001-4,1
965,5366,71001-5,1
966,5366,71001-6,1
967,5366,71001-7,1
968,5366,71001-8,1
969,5366,71001-9,1
970,5386,8831-1,1
971,5386,8831-10,1
972,5386,8831-11,1
973,5386,8831-12,1
974,5386,8831-13,1
975,5386,8831-14,1
976,5386,8831-15,1
977,5386,8831-16,1
978,5386,8831-2,1
979,5386,8831-3,1
980,5386,8831-4,1
981,5386,8831-5,1
982,5386,8831-6,1
983,5386,8831-7,1
984,5386,8831-8,1
985,5386,8831-9,1
986,5404,7958-1,1
987,5432,7410-1,1
988,5432,7411-1,1
989,5432,7414-1,1
990,5432,7418-1,1
991,5491,4512-1,1
992,5491,4514-1,1
993,5491,4515-1,1
994,5491,4520-1,1
995,5500,7308-1,1
996,5500,7309-1,1
997,5500,7311-1,1
998,5553,8803-0,60
999,5554,8804-1,1
1000,5554,8804-10,1
1001,5554,8804-11,1
1002,5554,8804-12,1
1003,5554,8804-13,1
1004,5554,8804-14,1
1005,5554,8804-15,1
1006,5554,8804-16,1
1007,5554,8804-2,1
1008,5554,8804-3,1
1009,5554,8804-4,1
1010,5554,8804-5,1
1011,5554,8804-6,1
1012,5554,8804-7,1
1013,5554,8804-8,1
1014,5554,8804-9,1
1015,5595,3344-1,1
1016,5595,3345-1,1
1017,5595,3346-1,1
1018,5600,75899-1,1
1019,5600,75908-1,1
1020,5600,75909-1,1
1021,5600,75910-1,1
1022,5645,8742-1,1
1023,5645,8743-1,1
1024,5645,8744-1,1
1025,5645,8745-1,1
1026,5645,8746-1,1
1027,5645,8747-1,1
1028,5675,1196-1,1
1029,5675,1197-1,1
1030,5675,1198-1,1
1031,5675,1199-1,1
1032,5740,8380-1,1
1033,5740,8384-1,1
1034,5855,7509-1,1
1035,5857,7208-1,1
1036,5857,7239-1,1
1037,5857,7241-1,1
1038,5857,7942-1,1
1039,5904,3177-1,1
1040,5904,3179-1,1
1041,5904,8401-1,1
1042,5904,8402-1,1
1043,5955,10049-1,1
1044,5955,10072-1,1
1045,5955,10074-1,1
1046,5955,10076-1,1
1047,5955,3804-1,1
1048,5955,5225-1,1
1049,5955,9738-1,1
1050,5955,9916-1,1
1051,5970,8929-1,1
1052,5970,8930-1,1
1053,5970,8931-1,1
1054,5970,8932-1,1
1055,5990,8106-1,1
1056,5990,8107-1,1
1057,5990,8108-1,1
1058,6034,7514-1,1
1059,6050,10132-1,1
1060,6050,4515-1,1
1061,6050,4520-1,1
1062,6066,4431-1,1
1063,6066,4432-1,1
1064,6066,4433-1,1
1065,6066,4435-1,1
1066,6086,4924-10,1
1067,6086,4924-11,1
1068,6086,4924-12,1
1069,6086,4924-13,1
1070,6086,4924-14,1
1071,6086,4924-15,1
1072,6086,4924-16,1
1073,6086,4924-17,1
1074,6086,4924-18,1
1075,6086,4924-19,1
1076,6086,4924-2,1
1077,6086,4924-20,1
1078,6086,4924-21,1
1079,6086,4924-22,1
1080,6086,4924-23,1
1081,6086,4924-24,1
1082,6086,4924-25,1
1083,6086,4924-3,1
1084,6086,4924-4,1
1085,6086,4924-5,1
1086,6086,4924-6,1
1087,6086,4924-7,1
1088,6086,4924-8,1
1089,6086,4924-9,1
1090,6093,1547-1,1
1091,6093,1596-1,1
1092,6093,1624-1,1
1093,6117,8645-1,1
1094,6117,8646-1,1
1095,6174,7979-10,1
1096,6174,7979-11,1
1097,6174,7979-12,1
1098,6174,7979-13,1
1099,6174,7979-14,1
1100,6174,7979-15,1
1101,6174,7979-16,1
1102,6174,7979-17,1
1103,6174,7979-18,1
1104,6174,7979-19,1
1105,6174,7979-2,1
1106,6174,7979-20,1
1107,6174,7979-21,1
1108,6174,7979-22,1
1109,6174,7979-23,1
1110,6174,7979-24,1
1111,6174,7979-25,1
1112,6174,7979-3,1
1113,6174,7979-4,1
1114,6174,7979-5,1
1115,6174,7979-6,1
1116,6174,7979-7,1
1117,6174,7979-8,1
1118,6174,7979-9,1
1119,6181,8008-1,1
1120,6181,8010-1,1
1121,6194,8688-1,1
1122,6194,8689-1,1
1123,6194,8941-1,1
1124,6194,8942-1,1
1125,6205,7741-1,1
1126,6205,7890-1,1
1127,6205,7942-1,1
1128,6241,9798-1,1
1129,6241,9833-2,1
1130,6253,1278-1,1
1131,6253,1279-1,1
1132,6253,1280-1,1
1133,6253,1281-1,1
1134,6276,8047-1,1
1135,6276,8065-1,1
1136,6276,8067-1,1
1137,6276,8069-1,1
1138,6282,7238-1,1
1139,6282,7906-1,1
1140,6282,7942-1,1
1141,6282,7944-1,1
1142,6282,7945-1,1
1143,6296,7236-2,1
1144,6296,7741-1,1
1145,6296,7942-1,1
1146,6319,2063-1,1
1147,6319,2065-1,1
1148,6319,2067-1,1
1149,6319,2068-1,1
1150,6319,2141-1,1
1151,6319,2142-1,1
1152,6330,4515-1,3
1153,6330,4520-1,2
1154,6330,4531-1,2
1155,6331,8721-1,1
1156,6331,8722-1,1
1157,6331,8723-1,1
1158,6331,8724-1,1
1159,6331,8725-1,1
1160,6331,8726-1,1
1161,6336,851097,1
1162,6336,8758-1,1
1163,6371,4479-1,1
1164,6371,7146-1,1
1165,6416,20206-1,1
1166,6416,20207-1,1
1167,6416,20208-1,1
1168,6423,8560-1,1
1169,6423,8561-1,1
1170,6423,8564-1,1
1171,6424,8380-1,1
1172,6424,8383-1,1
1173,6424,8384-1,1
1174,6424,8385-1,1
1175,6426,8801-1,1
1176,6426,8802-1,1
1177,6447,8925-1,1
1178,6447,8926-1,1
1179,6447,8927-1,1
1180,6453,3066-1,1
1181,6453,3067-1,1
1182,6453,3068-1,1
1183,6453,3069-1,1
1184,6486,8791-1,1
1185,6486,8795-1,1
1186,6514,7413-1,1
1187,6514,7416-1,1
1188,6514,7419-1,1
1189,6514,7420-1,1
1190,6530,4436-1,1
1191,6530,4437-1,1
1192,6530,4439-1,1
1193,6530,4441-1,1
1194,6544,4721-1,1
1195,6544,4726-1,1
1196,6544,4727-1,1
1197,6544,4731-1,1
1198,6544,4735-1,1
1199,6544,626-1,2
1200,6572,7115-1,1
1201,6572,7124-1,1
1202,6572,7141-1,1
1203,6702,7904-10,1
1204,6702,7904-11,1
1205,6702,7904-12,1
1206,6702,7904-13,1
1207,6702,7904-14,1
1208,6702,7904-15,1
1209,6702,7904-16,1
1210,6702,7904-17,1
1211,6702,7904-18,1
1212,6702,7904-19,1
1213,6702,7904-2,1
1214,6702,7904-20,1
1215,6702,7904-21,1
1216,6702,7904-22,1
1217,6702,7904-23,1
1218,6702,7904-24,1
1219,6702,7904-25,1
1220,6702,7904-3,1
1221,6702,7904-4,1
1222,6702,7904-5,1
1223,6702,7904-6,1
1224,6702,7904-7,1
1225,6702,7904-8,1
1226,6702,7904-9,1
1227,6733,5612-1,1
1228,6733,7245-1,1
1229,6733,7741-1,1
1230,6733,7743-1,1
1231,6733,7744-1,1
1232,6791,70168-1,1
1233,6791,70170-1,1
1234,6795,7913-1,1
1235,6795,7914-1,1
1236,6795,8085-1,1
1237,6839,7235-2,1
1238,6839,7245-2,1
1239,6839,7743-1,1
1240,6848,4169306a-1,1
1241,6848,4169306b-1,1
1242,6848,4169306c-1,1
1243,6871,41527-1,1
1244,6871,41528-1,1
1245,6871,41529-1,1
1246,6871,41530-1,1
1247,6871,41531-1,1
1248,6871,41532-1,1
1249,6871,41533-1,1
1250,6871,41534-1,1
1251,6871,41535-1,1
1252,6877,7313-1,1
1253,6877,7314-1,1
1254,6877,7315-1,1
1255,6877,7317-1,1
1256,6990,5859-1,1
1257,6990,5861-1,1
1258,6990,5862-1,1
1259,7051,3390-1,1
1260,7142,3409-1,1
1261,7151,3177-1,1
1262,7151,7241-1,1
1263,7151,7634-1,1
1264,7151,7638-1,1
1265,7187,3535-1,1
1266,7187,3536-1,1
1267,7187,3538-1,1
1268,7201,7508-1,1
1269,7209,7153-1,1
1270,7261,4701-1,1
1271,7261,4702-1,1
1272,7261,4704-1,1
1273,7261,4705-1,1
1274,7261,4706-1,1
1275,7261,4709-1,1
1276,7261,4711-1,1
1277,7277,41530-1,1
1278,7277,41531-1,1
1279,7277,41532-1,1
1280,7286,7422-1,1
1281,7286,7423-1,1
1282,7286,7424-1,1
1283,7348,3061-1,1
1284,7348,3183-1,1
1285,7348,3934-1,1
1286,7348,3936-1,1
1287,7363,7324-10,1
1288,7363,7324-11,1
1289,7363,7324-12,1
1290,7363,7324-13,1
1291,7363,7324-14,1
1292,7363,7324-15,1
1293,7363,7324-16,1
1294,7363,7324-17,1
1295,7363,7324-18,1
1296,7363,7324-19,1
1297,7363,7324-2,1
1298,7363,7324-20,1
1299,7363,7324-21,1
1300,7363,7324-22,1
1301,7363,7324-23,1
1302,7363,7324-24,1
1303,7363,7324-25,1
1304,7363,7324-3,1
1305,7363,7324-4,1
1306,7363,7324-5,1
1307,7363,7324-6,1
1308,7363,7324-7,1
1309,7363,7324-8,1
1310,7363,7324-9,1
1311,7391,10194-1,1
1312,7391,8867-1,1
1313,7391,8870-1,1
1314,7391,8878-1,1
1315,7391,8879-1,1
1316,7391,8882-1,1
1317,7391,8884-1,1
1318,7430,2155-1,1
1319,7430,2156-1,1
1320,7430,2157-1,1
1321,7430,2158-1,1
1322,7474,10000-1,1
1323,7474,10039-1,1
1324,7474,3739-1,1
1325,7478,8509-1,1
1326,7478,8510-1,1
1327,7482,4484-1,1
1328,7482,4485-1,1
1329,7482,4486-1,1
1330,7482,4487-1,1
1331,7487,3741-1,1
1332,7487,3742-1,1
1333,7487,3745-1,1
1334,7516,3741-1,1
1335,7516,3746-1,1
1336,7524,7200-1,1
1337,7524,7201-1,1
1338,7524,7203-1,1
1339,7524,7204-1,1
1340,7562,9496-1,1
1341,7562,9516-1,1
1342,7618,8102-1,1
1343,7618,8104-1,1
1344,7670,8601-1,1
1345,7670,8607-1,1
1346,7703,7000-1,1
1347,7703,7001-1,1
1348,7703,7002-1,1
1349,7703,7003-1,1
1350,7707,8587-1,1
1351,7707,8588-1,1
1352,7709,8560-1,1
1353,7709,8561-1,1
1354,7709,8563-1,1
1355,7743,6851-1,1
1356,7743,6861-2,1
1357,7743,6878-1,1
1358,7743,6887-1,1
1359,7745,3187-1,1
1360,7745,3934-1,1
1361,7745,3935-1,1
1362,7766,5620-1,1
1363,7766,7632-1,1
1364,7766,7746-1,1
1365,7766,7990-1,1
1366,7766,8401-1,1
1367,7774,6578-1,1
1368,7774,6586-1,1
1369,7805,70126-1,1
1370,7805,70128-1,1
1371,7805,70129-1,1
1372,7805,70130-1,1
1373,7805,70131-1,1
1374,7850,9509-10,1
1375,7850,9509-11,1
1376,7850,9509-12,1
1377,7850,9509-13,1
1378,7850,9509-14,1
1379,7850,9509-15,1
1380,7850,9509-16,1
1381,7850,9509-17,1
1382,7850,9509-18,1
1383,7850,9509-19,1
1384,7850,9509-2,1
1385,7850,9509-20,1
1386,7850,9509-21,1
1387,7850,9509-22,1
1388,7850,9509-23,1
1389,7850,9509-24,1
1390,7850,9509-25,1
1391,7850,9509-3,1
1392,7850,9509-4,1
1393,7850,9509-5,1
1394,7850,9509-6,1
1395,7850,9509-7,1
1396,7850,9509-8,1
1397,7850,9509-9,1
1398,7874,3431-1,1
1399,7881,7687-10,1
1400,7881,7687-11,1
1401,7881,7687-12,1
1402,7881,7687-13,1
1403,7881,7687-14,1
1404,7881,7687-15,1
1405,7881,7687-16,1
1406,7881,7687-17,1
1407,7881,7687-18,1
1408,7881,7687-19,1
1409,7881,7687-2,1
1410,7881,7687-20,1
1411,7881,7687-21,1
1412,7881,7687-22,1
1413,7881,7687-23,1
1414,7881,7687-24,1
1415,7881,7687-25,1
1416,7881,7687-3,1
1417,7881,7687-4,1
1418,7881,7687-5,1
1419,7881,7687-6,1
1420,7881,7687-7,1
1421,7881,7687-8,1
1422,7881,7687-9,1
1423,7902,1428-1,1
1424,7902,1429-1,1
1425,7902,1430-1,1
1426,7929,8684-0,60
1427,7933,3347-1,1
1428,7933,3348-1,1
1429,7933,3349-1,1
1430,7944,7279-1,1
1431,7944,7285-1,1
1432,7944,7286-1,1
1433,7944,7288-1,1
1434,7944,7741-1,1
1435,7971,1858-1,1
1436,7971,6829-1,1
1437,7971,6836-1,1
1438,8019,7075-1,1
1439,8019,7099-1,1
1440,8025,8563-1,1
1441,8025,8564-1,1
1442,8025,8565-1,1
1443,8071,5920-1,1
1444,8071,5934-1,1
1445,8071,5935-1,1
1446,8091,8603-1,1
1447,8091,8605-1,1
1448,8091,8613-1,1
1449,8140,4024-10,1
1450,8140,4024-11,1
1451,8140,4024-12,1
1452,8140,4024-13,1
1453,8140,4024-14,1
1454,8140,4024-15,1
1455,8140,4024-16,1
1456,8140,4024-17,1
1457,8140,4024-18,1
1458,8140,4024-19,1
1459,8140,4024-2,1
1460,8140,4024-20,1
1461,8140,4024-21,1
1462,8140,4024-22,1
1463,8140,4024-23,1
1464,8140,4024-24,1
1465,8140,4024-25,1
1466,8140,4024-3,1
1467,8140,4024-4,1
1468,8140,4024-5,1
1469,8140,4024-6,1
1470,8140,4024-7,1
1471,8140,4024-8,1
1472,8140,4024-9,1
1473,8159,79015-1,1
1474,8159,79016-1,1
1475,8159,79017-1,1
1476,8159,79018-1,1
1477,8202,10041-1,1
1478,8202,1252-1,1
1479,8202,1254-1,1
1480,8202,1255-1,1
1481,8216,4492-1,1
1482,8216,4494-1,1
1483,8216,7255-1,1
1484,8222,5576-1,1
1485,8226,6290-1,1
1486,8226,6291-1,1
1487,8226,6292-1,1
1488,8285,4488-1,1
1489,8285,4489-1,1
1490,8285,4490-1,1
1491,8285,4491-1,1
1492,8312,8581-1,1
1493,8312,8582-1,1
1494,8331,8770-1,1
1495,8331,8771-1,1
1496,8348,7907-10,1
1497,8348,7907-11,1
1498,8348,7907-12,1
1499,8348,7907-13,1
1500,8348,7907-14,1
1501,8348,7907-15,1
1502,8348,7907-16,1
1503,8348,7907-17,1
1504,8348,7907-18,1
1505,8348,7907-19,1
1506,8348,7907-2,1
1507,8348,7907-20,1
1508,8348,7907-21,1
1509,8348,7907-22,1
1510,8348,7907-23,1
1511,8348,7907-24,1
1512,8348,7907-25,1
1513,8348,7907-3,1
1514,8348,7907-4,1
1515,8348,7907-5,1
1516,8348,7907-6,1
1517,8348,7907-7,1
1518,8348,7907-8,1
1519,8348,7907-9,1
1520,8398,7235-2,1
1521,8398,7279-1,1
1522,8398,7285-1,1
1523,8398,7498-1,1
1524,8401,7749-1,1
1525,8401,8083-1,1
1526,8401,8084-1,1
1527,8425,1282-1,1
1528,8425,1283-1,1
1529,8425,1284-1,1
1530,8425,1285-1,1
1531,8440,1887-1,1
1532,8440,1888-1,1
1533,8440,1889-1,1
1534,8440,1890-1,1
1535,8465,8876-1,1
1536,8471,8607-1,1
1537,8471,8608-1,1
1538,8471,8609-1,1
1539,8471,8610-1,1
1540,8471,8611-1,1
1541,8471,8612-1,1
1542,8491,70000-1,1
1543,8491,70001-1,1
1544,8491,70003-1,1
1545,8501,8601-1,1
1546,8501,8604-1,1
1547,8501,8605-1,1
1548,8558,3741-1,1
1549,8558,3742-1,1
1550,8558,3744-1,1
1551,8585,8293-1,1
1552,8585,9392-1,1
1553,8585,9395-1,1
1554,8646,4526-1,1
1555,8646,4527-1,1
1556,8646,4528-1,1
1557,8734,71009-1,1
1558,8734,71009-10,1
1559,8734,71009-11,1
1560,8734,71009-12,1
1561,8734,71009-13,1
1562,8734,71009-14,1
1563,8734,71009-15,1
1564,8734,71009-16,1
1565,8734,71009-2,1
1566,8734,71009-3,1
1567,8734,71009-4,1
1568,8734,71009-5,1
1569,8734,71009-6,1
1570,8734,71009-7,1
1571,8734,71009-8,1
1572,8734,71009-9,1
1573,8749,8511-1,1
1574,8749,8513-1,1
1575,8759,8014-1,1
1576,8759,8015-1,1
1577,8759,8091-1,1
1578,8782,71005-0,60
1579,8820,7553-10,1
1580,8820,7553-11,1
1581,8820,7553-12,1
1582,8820,7553-13,1
1583,8820,7553-14,1
1584,8820,7553-15,1
1585,8820,7553-16,1
1586,8820,7553-17,1
1587,8820,7553-18,1
1588,8820,7553-19,1
1589,8820,7553-2,1
1590,8820,7553-20,1
1591,8820,7553-21,1
1592,8820,7553-22,1
1593,8820,7553-23,1
1594,8820,7553-24,1
1595,8820,7553-25,1
1596,8820,7553-3,1
1597,8820,7553-4,1
1598,8820,7553-5,1
1599,8820,7553-6,1
1600,8820,7553-7,1
1601,8820,7553-8,1
1602,8820,7553-9,1
1603,8837,3740-1,1
1604,8837,3742-1,1
1605,8837,3746-1,1
1606,8849,TRUTIE-1,1
1607,8849,TRUXWING-1,1
1608,8871,8900-1,1
1609,8871,8902-1,1
1610,8871,8905-1,1
1611,8885,4346-1,1
1612,8885,4347-1,1
1613,8885,4348-1,1
1614,8885,4349-1,1
1615,8909,8587-1,1
1616,8909,8590-1,1
1617,8909,8591-1,1
1618,8918,1062-1,1
1619,8918,1064-1,1
1620,8918,k1062b,1
1621,8918,pk1062,1
1622,8950,6605-1,1
1623,8950,6621-1,1
1624,8950,6628-1,1
1625,8980,8772-1,1
1626,8980,8783-1,1
1627,8997,10173-1,1
1628,8997,4548-1,1
1629,9033,71008-1,1
1630,9033,71008-10,1
1631,9033,71008-11,1
1632,9033,71008-12,1
1633,9033,71008-13,1
1634,9033,71008-14,1
1635,9033,71008-15,1
1636,9033,71008-16,1
1637,9033,71008-2,1
1638,9033,71008-3,1
1639,9033,71008-4,1
1640,9033,71008-5,1
1641,9033,71008-6,1
1642,9033,71008-7,1
1643,9033,71008-8,1
1644,9033,71008-9,1
1645,9094,8566-1,1
1646,9094,8567-1,1
1647,9123,5856-1,1
1648,9123,5857-1,1
1649,9123,5858-1,1
1650,9132,1290-1,1
1651,9132,1291-1,1
1652,9132,1292-1,1
1653,9132,1293-1,1
1654,9149,7104-1,1
1655,9149,7144-1,1
1656,9178,7236-1,1
1657,9178,7238-1,1
1658,9178,7890-1,1
1659,9178,7944-1,1
1660,9210,6503-1,1
1661,9210,6643-1,1
1662,9243,11905-1,1
1663,9253,9249-1,1
1664,9253,9251-1,1
1665,9283,9488-1,1
1666,9283,9489-1,1
1667,9283,9495-1,1
1668,9329,60000-1,1
1669,9329,60001-1,1
1670,9329,60002-1,1
1671,9381,8783-1,1
1672,9381,8786-1,1
1673,9386,41533-1,1
1674,9386,41534-1,1
1675,9386,41535-1,1
1676,9406,7499-1,1
1677,9406,7895-1,1
1678,9406,7937-1,1
1679,9406,7939-1,1
1680,9412,7103-1,1
1681,9412,7113-1,1
1682,9426,7638-1,1
1683,9426,7641-1,1
1684,9426,7642-1,1
1685,9426,7686-1,1
1686,9426,8402-1,1
1687,9471,7124-1,1
1688,9471,7190-1,1
1689,9471,7200-1,1
1690,9502,7891-1,1
1691,9502,7894-1,1
1692,9502,7901-1,1
1693,9502,7903-1,1
1694,9540,3219-1,1
1695,9540,4492-1,1
1696,9540,4493-1,1
1697,9540,4494-1,1
1698,9540,4495-1,1
1699,9599,7724-10,1
1700,9599,7724-11,1
1701,9599,7724-12,1
1702,9599,7724-13,1
1703,9599,7724-14,1
1704,9599,7724-15,1
1705,9599,7724-16,1
1706,9599,7724-17,1
1707,9599,7724-18,1
1708,9599,7724-19,1
1709,9599,7724-2,1
1710,9599,7724-20,1
1711,9599,7724-21,1
1712,9599,7724-22,1
1713,9599,7724-23,1
1714,9599,7724-24,1
1715,9599,7724-25,1
1716,9599,7724-3,1
1717,9599,7724-4,1
1718,9599,7724-5,1
1719,9599,7724-6,1
1720,9599,7724-7,1
1721,9599,7724-8,1
1722,9599,7724-9,1
1723,9620,8587-1,1
1724,9620,8590-1,1
1725,9620,8591-1,1
1726,9624,71010-0,20
1727,9657,1843-2,1
1728,9657,1843-3,1
1729,9665,8206-1,1
1730,9665,8426-1,1
1731,9665,8487-1,1
1732,9678,8610-1,1
1733,9678,8612-1,1
1734,9678,8615-1,1
1735,9678,8617-1,1
1736,9678,8619-1,1
1737,9691,6282-1,1
1738,9691,6283-1,1
1739,9700,8709-1,1
1740,9700,8958-1,1
1741,9700,8959-1,1
1742,9708,6212-1,1
1743,9709,2259-1,1
1744,9709,2260-1,1
1745,9709,2506-1,1
1746,9728,3740-1,1
1747,9728,3743-1,1
1748,9730,20203-1,1
1749,9730,20204-1,1
1750,9730,20205-1,1
1751,9749,5994-1,1
1752,9749,5999-1,1
1753,9750,10075-1,1
1754,9750,1374-1,1
1755,9750,1376-1,1
1756,9765,71004-0,60
1757,9830,4097-1,1
1758,9830,4099-1,1
1759,9905,8833-1,1
1760,9905,8833-10,1
1761,9905,8833-11,1
1762,9905,8833-12,1
1763,9905,8833-13,1
1764,9905,8833-14,1
1765,9905,8833-15,1
1766,9905,8833-16,1
1767,9905,8833-2,1
1768,9905,8833-3,1
1769,9905,8833-4,1
1770,9905,8833-5,1
1771,9905,8833-6,1
1772,9905,8833-7,1
1773,9905,8833-8,1
1774,9905,8833-9,1
1775,9925,3748-1,1
1776,9925,4548-1,1
1777,9925,5300-1,1
1778,9926,41016-10,1
1779,9926,41016-11,1
1780,9926,41016-12,1
1781,9926,41016-13,1
1782,9926,41016-14,1
1783,9926,41016-15,1
1784,9926,41016-16,1
1785,9926,41016-17,1
1786,9926,41016-18,1
1787,9926,41016-19,1
1788,9926,41016-2,1
1789,9926,41016-20,1
1790,9926,41016-21,1
1791,9926,41016-22,1
1792,9926,41016-23,1
1793,9926,41016-24,1
1794,9926,41016-25,1
1795,9926,41016-3,1
1796,9926,41016-4,1
1797,9926,41016-5,1
1798,9926,41016-6,1
1799,9926,41016-7,1
1800,9926,41016-8,1
1801,9926,41016-9,1
1802,9943,4865-1,1
1803,9943,4866-1,1
1804,9943,4867-1,1
1805,9955,4182-1,1
1806,9955,4183-1,1
1807,9960,71005-1,1
1808,9960,71005-10,1
1809,9960,71005-11,1
1810,9960,71005-12,1
1811,9960,71005-13,1
1812,9960,71005-14,1
1813,9960,71005-15,1
1814,9960,71005-16,1
1815,9960,71005-2,1
1816,9960,71005-3,1
1817,9960,71005-4,1
1818,9960,71005-5,1
1819,9960,71005-6,1
1820,9960,71005-7,1
1821,9960,71005-8,1
1822,9960,71005-9,1
1823,10024,7600-10,1
1824,10024,7600-11,1
1825,10024,7600-12,1
1826,10024,7600-13,1
1827,10024,7600-14,1
1828,10024,7600-15,1
1829,10024,7600-16,1
1830,10024,7600-17,1
1831,10024,7600-18,1
1832,10024,7600-19,1
1833,10024,7600-2,1
1834,10024,7600-20,1
1835,10024,7600-21,1
1836,10024,7600-22,1
1837,10024,7600-23,1
1838,10024,7600-24,1
1839,10024,7600-25,1
1840,10024,7600-3,1
1841,10024,7600-4,1
1842,10024,7600-5,1
1843,10024,7600-6,1
1844,10024,7600-7,1
1845,10024,7600-8,1
1846,10024,7600-9,1
1847,10028,7235-2,1
1848,10028,7236-2,1
1849,10028,7741-1,1
1850,10028,7890-1,1
1851,10028,7942-1,1
1852,10028,7945-1,1
1853,10043,7242-1,1
1854,10043,7733-1,1
1855,10043,7990-1,1
1856,10043,7991-1,1
1857,10052,71001-0,60
1858,10089,4056-1,1
1859,10089,4057-1,1
1860,10089,4058-1,1
1861,10089,4059-1,1
1862,10089,4060-1,1
1863,10089,4061-1,1
1864,10089,4062-1,1
1865,10089,4063-1,1
1866,10089,4064-1,1
1867,10089,4065-1,1
1868,10089,4066-1,1
1869,10089,4067-1,1
1870,10089,4068-1,1
1871,10089,4069-1,1
1872,10089,4070-1,1
1873,10089,4071-1,1
1874,10089,4072-1,1
1875,10089,4073-1,1
1876,10089,4074-1,1
1877,10089,4075-1,1
1878,10089,4076-1,1
1879,10089,4077-1,1
1880,10089,4078-1,1
1881,10089,4079-1,1
1882,10158,10020-1,1
1883,10158,10022-1,1
1884,10158,10025-1,1
1885,10158,4515-1,1
1886,10158,4520-1,2
1887,10158,4548-1,1
1888,10180,7285-1,1
1889,10180,7741-1,1
1890,10227,1475-1,1
1891,10227,6526-1,1
1892,10227,6679-1,1
1893,10229,4695-1,1
1894,10229,4750-1,1
1895,10229,4751-1,1
1896,10235,7507-1,1
1897,10259,9471-1,1
1898,10259,9474-1,1
1899,10273,3302-1,1
1900,10273,3303-1,1
1901,10273,3305-1,2
1902,10273,3306-1,1
1903,10273,3317-1,2
1904,10318,4601-1,1
1905,10318,4605-1,1
1906,10318,4609-1,1
1907,10391,6336-1,1
1908,10391,6516-1,1
1909,10391,6614-1,1
1910,10405,7422-1,1
1911,10405,7423-1,1
1912,10405,7424-1,1
1913,10406,1740-1,1
1914,10406,1741-1,1
1915,10406,1742-1,1
1916,10421,5969-1,1
1917,10421,5970-1,1
1918,10421,5971-1,1
1919,10421,5972-1,1
1920,10421,5973-1,1
1921,10421,5974-1,1
1922,10421,8399-1,1
1923,10421,8400-1,1
1924,10435,7235-1,1
1925,10435,7245-1,1
1926,10435,7743-1,1
1927,10481,5836-1,1
1928,10481,5837-1,1
1929,10481,5838-1,1
1930,10481,5850-1,1
1931,10515,2882-1,1
1932,10515,2884-1,1
1933,10515,2886-1,1
1934,10515,6407-1,1
1935,10561,9488-1,1
1936,10561,9489-1,1
1937,10645,7133-1,1
1938,10645,7143-1,1
1939,10645,7146-1,1
1940,10645,7153-1,1
1941,10656,7736-1,1
1942,10656,7737-1,1
1943,10656,7738-1,1
1944,10676,7913-1,1
1945,10676,7914-1,1
1946,10676,7957-1,1
1947,10770,1298-10,1
1948,10770,1298-11,1
1949,10770,1298-12,1
1950,10770,1298-13,1
1951,10770,1298-14,1
1952,10770,1298-15,1
1953,10770,1298-16,1
1954,10770,1298-17,1
1955,10770,1298-18,1
1956,10770,1298-19,1
1957,10770,1298-2,1
1958,10770,1298-20,1
1959,10770,1298-21,1
1960,10770,1298-22,1
1961,10770,1298-23,1
1962,10770,1298-24,1
1963,10770,1298-25,1
1964,10770,1298-3,1
1965,10770,1298-4,1
1966,10770,1298-5,1
1967,10770,1298-6,1
1968,10770,1298-7,1
1969,10770,1298-8,1
1970,10770,1298-9,1
1971,10779,8614-1,1
1972,10779,8615-1,1
1973,10790,3731-1,2
1974,10795,5370a-1,1
1975,10795,5370b-1,1
1976,10799,10176-1,1
1977,10806,8200-1,1
1978,10806,8201-1,1
1979,10806,8206-1,1
1980,10825,7574-10,1
1981,10825,7574-11,1
1982,10825,7574-12,1
1983,10825,7574-13,1
1984,10825,7574-14,1
1985,10825,7574-15,1
1986,10825,7574-16,1
1987,10825,7574-17,1
1988,10825,7574-18,1
1989,10825,7574-19,1
1990,10825,7574-2,1
1991,10825,7574-20,1
1992,10825,7574-21,1
1993,10825,7574-22,1
1994,10825,7574-23,1
1995,10825,7574-24,1
1996,10825,7574-25,1
1997,10825,7574-3,1
1998,10825,7574-4,1
1999,10825,7574-5,1
2000,10825,7574-6,1
2001,10825,7574-7,1
2002,10825,7574-8,1
2003,10825,7574-9,1
2004,10837,1498-1,1
2005,10837,1499-1,1
2006,10850,8588-1,1
2007,10850,8589-1,1
2008,10850,8592-1,1
2009,10921,4612-1,1
2010,10921,4613-1,1
2011,10921,4614-1,1
2012,10976,9798-1,1
2013,10976,9833-1,1
2014,10993,1875-1,1
2015,10993,1876-1,1
2016,10993,1877-1,1
2017,10995,1380-1,1
2018,10995,1381-1,1
2019,10995,1382-1,1
2020,10995,1383-1,1
2021,10997,5529-1,1
2022,10997,6131-1,1
2023,11043,8593-1,1
2024,11043,8596-1,1
2025,11050,7009-1,1
2026,11050,7090-1,1
2027,11050,7091-1,1
2028,11050,7092-1,1
2029,11050,7093-1,1
2030,11050,7094-1,1
2031,11053,70409-1,1
2032,11053,70411-1,1
2033,11075,9628-1,1
2034,11075,9632-1,1
2035,11115,4192-1,1
2036,11115,4193-1,1
2037,11116,8683-1,1
2038,11116,8683-10,1
2039,11116,8683-11,1
2040,11116,8683-12,1
2041,11116,8683-13,1
2042,11116,8683-14,1
2043,11116,8683-15,1
2044,11116,8683-16,1
2045,11116,8683-2,1
2046,11116,8683-3,1
2047,11116,8683-4,1
2048,11116,8683-5,1
2049,11116,8683-6,1
2050,11116,8683-7,1
2051,11116,8683-8,1
2052,11116,8683-9,1
2053,11143,71000-0,60
2054,11175,1702-1,1
2055,11175,1704-1,1
2056,11190,71002-1,1
2057,11190,71002-10,1
2058,11190,71002-11,1
2059,11190,71002-12,1
2060,11190,71002-13,1
2061,11190,71002-14,1
2062,11190,71002-15,1
2063,11190,71002-16,1
2064,11190,71002-2,1
2065,11190,71002-3,1
2066,11190,71002-4,1
2067,11190,71002-5,1
2068,11190,71002-6,1
2069,11190,71002-7,1
2070,11190,71002-8,1
2071,11190,71002-9,1
2072,11194,8799-1,1
2073,11194,8800-1,1
2074,11253,4915-1,1
2075,11253,4916-1,1
2076,11253,4917-1,1
2077,11253,4918-1,1
2078,11304,7467-1,1
2079,11304,7470-1,1
2080,11304,7471-1,1
2081,11317,4428-10,1
2082,11317,4428-11,1
2083,11317,4428-12,1
2084,11317,4428-13,1
2085,11317,4428-14,1
2086,11317,4428-15,1
2087,11317,4428-16,1
2088,11317,4428-17,1
2089,11317,4428-18,1
2090,11317,4428-19,1
2091,11317,4428-2,1
2092,11317,4428-20,1
2093,11317,4428-21,1
2094,11317,4428-22,1
2095,11317,4428-23,1
2096,11317,4428-24,1
2097,11317,4428-25,1
2098,11317,4428-3,1
2099,11317,4428-4,1
2100,11317,4428-5,1
2101,11317,4428-6,1
2102,11317,4428-7,1
2103,11317,4428-8,1
2104,11317,4428-9,1
2105,11325,3741-1,1
2106,11325,3742-1,1
2107,11325,3746-1,1
2108,11344,4481-1,1
2109,11344,4482-1,1
2110,11344,7163-1,1
2111,11380,8805-1,1
2112,11380,8805-10,1
2113,11380,8805-11,1
2114,11380,8805-12,1
2115,11380,8805-13,1
2116,11380,8805-14,1
2117,11380,8805-15,1
2118,11380,8805-16,1
2119,11380,8805-2,1
2120,11380,8805-3,1
2121,11380,8805-4,1
2122,11380,8805-5,1
2123,11380,8805-6,1
2124,11380,8805-7,1
2125,11380,8805-8,1
2126,11380,8805-9,1
2127,11384,3741-1,1
2128,11384,3744-1,1
2129,11418,1417-2,1
2130,11436,8362-1,1
2131,11436,8389-1,1
2132,11476,8531-1,1
2133,11476,8532-1,1
2134,11476,8533-1,1
2135,11476,8534-1,1
2136,11476,8535-1,1
2137,11476,8536-1,1
2138,11476,8540-1,1
2139,11476,8541-1,1
2140,11476,8542-1,1
2141,11491,7235-2,1
2142,11491,7279-1,1
2143,11491,7286-1,1
2144,11491,7741-1,1
2145,11550,8944-1,1
2146,11550,8945-1,1
2147,11550,8946-1,1
2148,11550,8947-1,1
2149,11550,8948-1,1
2150,11550,8949-1,1
2151,11551,8755-1,1
2152,11551,8756-1,1
2153,11551,8761-1,1
2154,11554,6966-1,1
2155,11554,7252-1,1
2156,11554,7259-1,1
2157,11605,8049-1,1
2158,11605,8259-1,1
2159,11605,8260-1,1
2160,11605,8293-1,1
2161,11608,4051-1,1
2162,11608,4052-1,1
2163,11608,4053-1,1
2164,11759,60050-1,1
2165,11759,60052-1,1
2166,11759,7499-1,1
2167,11759,7895-1,1
2168,11767,6825-1,1
2169,11767,6847-1,1
2170,11767,6848-2,1
2171,11784,71009-0,60
2172,11786,7877-1,1
2173,11786,7913-1,1
2174,11786,7929-1,1
2175,11855,7770-1,1
2176,11855,7771-1,1
2177,11855,7772-1,1
2178,11855,7773-1,1
2179,11855,7774-1,1
2180,11855,7775-1,1
2181,11855,7776-1,1
2182,11861,7238-1,1
2183,11861,7239-1,1
2184,11861,7240-1,1
2185,11861,7241-1,1
2186,11879,7101-1,1
2187,11879,7111-1,1
2188,11879,7131-1,1
2189,11935,7630-1,1
2190,11935,7631-1,1
2191,11935,7633-1,1
2192,11935,7685-1,1
2193,11966,344-1,1
2194,11966,346-2,1
2195,11966,347-1,1
2196,11966,603-3,1
2197,12000,2878-1,1
2198,12110,7235-2,1
2199,12110,7236-2,1
2200,12110,7741-1,1
2201,12110,7744-1,1
2202,12113,8588-1,1
2203,12113,8589-1,1
2204,12113,8592-1,1
2205,12121,10068-1,1
2206,12121,10069-1,1
2207,12121,10070-1,1
2208,12121,10079-1,1
2209,12121,10080-1,1
2210,12137,1286-1,1
2211,12137,1287-1,1
2212,12137,1288-1,1
2213,12137,1289-1,1
2214,12146,1088-1,1
2215,12146,1098-1,1
2216,12146,6572-1,1
2217,12222,75028-1,1
2218,12222,75029-1,1
2219,12222,75030-1,1
2220,12273,3740-1,1
2221,12273,3747-1,1
2222,12307,7667-1,1
2223,12307,7668-1,1
2224,12307,8017-1,1
2225,12322,41545-1,1
2226,12322,41546-1,1
2227,12322,41547-1,1
2228,12344,8833-0,60
2229,12346,8370-1,1
2230,12346,8371-1,1
2231,12437,8803-1,1
2232,12437,8803-10,1
2233,12437,8803-11,1
2234,12437,8803-12,1
2235,12437,8803-13,1
2236,12437,8803-14,1
2237,12437,8803-15,1
2238,12437,8803-16,1
2239,12437,8803-2,1
2240,12437,8803-3,1
2241,12437,8803-4,1
2242,12437,8803-5,1
2243,12437,8803-6,1
2244,12437,8803-7,1
2245,12437,8803-8,1
2246,12437,8803-9,1
2247,12445,8956-1,1
2248,12445,8957-1,1
2249,12445,8958-1,1
2250,12445,8959-1,1
2251,12445,8960-1,1
2252,12445,8961-1,1
2253,12465,1871-1,1
2254,12465,1872-1,1
2255,12465,1873-1,1
2256,12590,5573-1,1
2257,12590,5576-1,1
2258,12669,7111-1,1
2259,12669,7121-1,1
2260,12748,75031-1,1
2261,12748,75032-1,1
2262,12748,75033-1,1
2263,12759,7101-1,1
2264,12759,7111-1,1
2265,12759,7171-1,1
2266,12813,75015-1,1
2267,12813,75035-1,1
2268,12813,75043-1,1
2269,12830,8784-1,1
2270,12830,8785-1,1
2271,12836,4108-1,1
2272,12836,4109-1,2
2273,12836,4110-1,1
2274,12836,4111-1,1
2275,12851,2824-10,1
2276,12851,2824-11,1
2277,12851,2824-12,1
2278,12851,2824-13,1
2279,12851,2824-14,1
2280,12851,2824-15,1
2281,12851,2824-16,1
2282,12851,2824-17,1
2283,12851,2824-18,1
2284,12851,2824-19,1
2285,12851,2824-2,1
2286,12851,2824-20,1
2287,12851,2824-21,1
2288,12851,2824-22,1
2289,12851,2824-23,1
2290,12851,2824-24,1
2291,12851,2824-25,1
2292,12851,2824-3,1
2293,12851,2824-4,1
2294,12851,2824-5,1
2295,12851,2824-6,1
2296,12851,2824-7,1
2297,12851,2824-8,1
2298,12851,2824-9,1
2299,12856,1417-1,1
2300,12856,1418-1,1
2301,12856,1419-1,1
2302,12856,1420-1,1
2303,12907,6719-1,1
2304,12907,6720-1,1
2305,12907,6721-1,1
2306,12907,6722-1,1
2307,12955,7130-1,1
2308,12955,7150-1,1
2309,12999,3302-1,1
2310,12999,3303-1,1
2311,12999,3304-1,2
2312,12999,3305-1,2
2313,12999,3306-1,1
2314,13073,6762-1,1
2315,13073,6763-1,1
2316,13073,6764-1,1
2317,13083,10020-1,2
2318,13083,10022-1,3
2319,13083,10025-1,2
2320,13141,8733-1,1
2321,13141,8734-1,1
2322,13141,8764-1,1
2323,13153,3741-1,1
2324,13153,3747-1,1
2325,13238,8560-1,1
2326,13238,8561-1,1
2327,13238,8562-1,1
2328,13254,8259-1,1
2329,13254,8290-1,1
2330,13254,8293-1,1
2331,13254,8294-1,1
2332,13269,7142-1,1
2333,13269,7152-1,1
2334,13286,7110-1,1
2335,13286,7144-1,1
2336,13355,7235-1,1
2337,13355,7236-1,1
2338,13355,7245-1,1
2339,13355,7890-1,1
2340,13355,7902-1,1
2341,13355,7903-1,1
2342,13370,7891-1,1
2343,13370,7893-1,1
2344,13370,7894-1,1
2345,13370,7901-1,1
2346,13380,1246-1,1
2347,13380,1247-1,1
2348,13380,1248-1,1
2349,13380,1249-1,1
2350,13380,1250-1,1
2351,13380,1251-1,1
2352,13398,7890-1,1
2353,13398,7892-1,1
2354,13398,7902-1,1
2355,13398,7903-1,1
2356,13412,4415-1,1
2357,13412,4416-1,1
2358,13412,4417-1,1
2359,13412,4418-1,1
2360,13423,8583-1,1
2361,13423,8584-1,1
2362,13427,6611-1,1
2363,13427,6628-1,1
2364,13427,6629-1,1
2365,13447,8827-0,60
2366,13450,7467-1,1
2367,13450,7468-1,1
2368,13450,7469-1,1
2369,13450,7470-1,1
2370,13450,7471-1,1
2371,13480,71002-0,60
2372,13538,8727-1,1
2373,13538,8728-1,1
2374,13538,8729-1,1
2375,13538,8730-1,1
2376,13538,8731-1,1
2377,13538,8732-1,1
2378,13603,8683-0,60
2379,13617,7620-1,1
2380,13617,7621-1,1
2381,13617,7622-1,1
2382,13617,7623-1,1
2383,13661,7895-1,1
2384,13661,7896-1,2
2385,13696,7241-1,1
2386,13696,7246-1,1
2387,13883,4492-1,1
2388,13883,4494-1,1
2389,13883,7256-1,1
2390,13906,8922-1,1
2391,13906,8923-1,1
2392,13906,8924-1,1
2393,13907,8602-1,1
2394,13907,8603-1,1
2395,13907,8606-1,1
2396,13917,10013-1,1
2397,13917,10017-1,1
2398,13917,10153-1,1
2399,13917,3741-1,1
2400,13917,3742-1,1
2401,13917,3743-1,1
2402,13917,4515-1,1
2403,13917,4520-1,2
2404,13917,4548-1,1
2405,13925,60024-10,1
2406,13925,60024-11,1
2407,13925,60024-12,1
2408,13925,60024-13,1
2409,13925,60024-14,1
2410,13925,60024-15,1
2411,13925,60024-16,1
2412,13925,60024-17,1
2413,13925,60024-18,1
2414,13925,60024-19,1
2415,13925,60024-2,1
2416,13925,60024-20,1
2417,13925,60024-21,1
2418,13925,60024-22,1
2419,13925,60024-23,1
2420,13925,60024-24,1
2421,13925,60024-25,1
2422,13925,60024-3,1
2423,13925,60024-4,1
2424,13925,60024-5,1
2425,13925,60024-6,1
2426,13925,60024-7,1
2427,13925,60024-8,1
2428,13925,60024-9,1
2429,13941,10001-1,1
2430,13941,10002-1,1
2431,13960,8900-1,1
2432,13960,8901-1,1
2433,13960,8902-1,1
2434,13960,8903-1,1
2435,13960,8904-1,1
2436,13960,8905-1,1
2437,13992,71007-0,60
2438,14011,4436-1,1
2439,14011,7235-2,1
2440,14011,7279-1,1
2441,14011,7498-1,1
2442,14079,1274-1,1
2443,14079,1275-1,1
2444,14079,1276-1,1
2445,14079,1277-1,1
2446,14096,2258-1,1
2447,14096,2259-1,1
2448,14096,2519-1,1
2449,14127,8667-1,1
2450,14127,8670-1,1
2451,14152,6216-1,1
2452,14152,6293-1,1
2453,14154,7895-1,1
2454,14154,7896-1,1
2455,14154,7937-1,1
2456,14154,7939-1,1
2457,14174,1990-1,1
2458,14174,1991-1,1
2459,14174,1992-1,1
2460,14198,1431-1,1
2461,14198,8588-1,1
2462,14198,8589-1,1
2463,14198,8592-1,1
2464,14222,10121-1,2
2465,14222,3433-1,1
2466,14233,7654-1,1
2467,14233,7670-1,1
2468,14248,7914-1,1
2469,14248,9488-1,1
2470,14248,9491-1,1
2471,14277,3403-1,1
2472,14277,3418-1,1
2473,14277,3419-1,1
2474,14280,8733-1,1
2475,14280,8734-1,1
2476,14280,8764-1,1
2477,14328,7895-1,1
2478,14328,7896-1,1
2479,14328,7898-1,1
2480,14328,7997-1,1
2481,14390,6452-1,1
2482,14390,6458-1,1
2483,14390,6465-1,1
2484,14418,2878-1,1
2485,14442,71011-1,1
2486,14442,71011-10,1
2487,14442,71011-11,1
2488,14442,71011-12,1
2489,14442,71011-13,1
2490,14442,71011-14,1
2491,14442,71011-15,1
2492,14442,71011-16,1
2493,14442,71011-2,1
2494,14442,71011-3,1
2495,14442,71011-4,1
2496,14442,71011-5,1
2497,14442,71011-6,1
2498,14442,71011-7,1
2499,14442,71011-8,1
2500,14442,71011-9,1
2501,14465,8383-1,1
2502,14465,8385-1,1
2503,14493,6633-1,1
2504,14493,6653-1,1
2505,14493,6656-1,1
2506,14495,7749-1,1
2507,14495,8083-1,1
2508,14495,8089-1,1
2509,14498,851097,1
2510,14498,8736-1,1
2511,14498,8738-1,1
2512,14498,8740-1,1
2513,14524,8550-1,1
2514,14524,8553-1,1
2515,14524,8554-1,1
2516,14524,8562-1,1
2517,14568,8201-1,1
2518,14568,9478-1,1
2519,14568,9485-1,1
2520,14711,2535-1,1
2521,14711,2536-1,1
2522,14711,2537-1,1
2523,14711,2538-1,1
2524,14711,2539-1,1
2525,14711,2540-1,1
2526,14711,2541-1,1
2527,14711,2542-1,1
2528,14711,2543-1,1
2529,14711,2544-1,1
2530,14717,8024-1,1
2531,14717,8815-1,1
2532,14717,8820-1,1
2533,14790,851441,1
2534,14790,8742-1,1
2535,14790,8756-1,1
2536,14812,10024-1,1
2537,14812,10124-1,1
2538,14812,3451-1,1
2539,14822,4475-1,1
2540,14822,4476-1,1
2541,14822,4480-1,1
2542,14849,3302-1,1
2543,14849,3303-1,1
2544,14849,3305-1,2
2545,14849,3306-1,1
2546,14849,3318-1,2
2547,14919,2882-1,1
2548,14919,2884-1,1
2549,14919,2886-1,1
2550,14919,6407-1,1
2551,14921,4600-1,1
2552,14921,4604-1,1
2553,14921,4608-1,1
2554,14921,4611-1,1
2555,14931,7895-1,1
2556,14931,7896-1,1
2557,14931,7898-1,1
2558,14931,7997-1,1
2559,14942,3740-1,1
2560,14942,3742-1,1
2561,14942,3747-1,1
2562,14954,7409-1,1
2563,14954,7412-1,1
2564,14954,7415-1,1
2565,14954,7417-1,1
2566,14997,8805-0,60
2567,14999,8647-1,1
2568,14999,8648-1,1
2569,15010,3000-1,1
2570,15010,3001-1,1
2571,15010,3003-1,1
2572,15010,3005-1,1
2573,15019,7200-1,1
2574,15019,7201-1,1
2575,15019,7203-1,1
2576,15019,7204-1,1
2577,15033,1620-1,1
2578,15033,1621-1,1
2579,15060,8685-1,1
2580,15060,8686-1,1
2581,15060,8687-1,1
2582,15060,8691-1,1
2583,15060,8692-1,1
2584,15060,8693-1,1
2585,15080,4016-1,1
2586,15080,4017-1,1
2587,15080,4018-1,1
2588,15080,4019-1,1
2589,15155,8799-1,1
2590,15155,8800-1,1
2591,15164,4515-1,2
2592,15164,4519-1,1
2593,15164,4520-1,2
2594,15164,4531-1,1
2595,15192,7239-1,1
2596,15192,7245-1,1
2597,15192,7638-1,1
2598,15192,8401-1,1
2599,15224,2192-1,1
2600,15224,2193-1,1
2601,15224,2194-1,1
2602,15224,2235-1,1
2603,15238,20201-1,1
2604,15238,20202-1,1
2605,15238,20203-1,1
2606,15238,20204-1,1
2607,15238,20205-1,1
2608,15304,8688-1,1
2609,15304,8689-1,1
2610,15304,8690-1,1
2611,15304,8694-1,1
2612,15304,8695-1,1
2613,15304,8696-1,1
2614,15449,2878-1,1
2615,15519,6205-1,1
2616,15519,7252-1,1
2617,15519,7256-1,1
2618,15560,1188-1,1
2619,15560,1189-1,1
2620,15560,1190-1,1
2621,15560,1191-1,1
2622,15594,8509-1,1
2623,15594,8510-1,1
2624,15594,8511-1,1
2625,15594,8512-1,1
2626,15594,8513-1,1
2627,15594,8514-1,1
2628,15631,41527-1,1
2629,15631,41528-1,1
2630,15631,41529-1,1
2631,15694,7238-1,1
2632,15694,7239-1,1
2633,15694,7241-1,1
2634,15694,7942-1,1
2635,15694,7945-1,1
2636,15718,7131-1,1
2637,15718,7151-1,1
2638,15733,8755-1,1
2639,15733,8756-1,1
2640,15733,8761-1,1
2641,15744,8111-1,1
2642,15744,8112-1,1
2643,15744,8113-1,1
2644,15744,8114-1,1
2645,15744,8115-1,1
2646,15776,8736-1,1
2647,15776,8737-1,1
2648,15776,8738-1,1
2649,15776,8739-1,1
2650,15776,8740-1,1
2651,15776,8741-1,1
2652,15951,4816-1,1
2653,15951,4817-1,1
2654,15951,4818-1,1
2655,15951,4819-1,1
2656,15955,7770-1,1
2657,15955,7771-1,1
2658,15955,7772-1,1
2659,15955,7773-1,1
2660,15955,7774-1,1
2661,15955,7775-1,1
2662,15973,10068-1,1
2663,15973,10069-1,1
2664,15973,10070-1,1
2665,15980,7246-1,1
2666,15980,7248-1,1
2667,15980,7905-1,1
2668,15980,7990-1,1
2669,15990,llca21-1,1
2670,15990,llca22-1,1
2671,15990,llca23-1,1
2672,16023,7733-1,1
2673,16023,7734-1,1
2674,16023,7992-1,1
2675,16029,6581-1,1
2676,16029,6596-1,1
2677,16031,4124-10,1
2678,16031,4124-11,1
2679,16031,4124-12,1
2680,16031,4124-13,1
2681,16031,4124-14,1
2682,16031,4124-15,1
2683,16031,4124-16,1
2684,16031,4124-17,1
2685,16031,4124-18,1
2686,16031,4124-19,1
2687,16031,4124-2,1
2688,16031,4124-20,1
2689,16031,4124-21,1
2690,16031,4124-22,1
2691,16031,4124-23,1
2692,16031,4124-24,1
2693,16031,4124-25,1
2694,16031,4124-3,1
2695,16031,4124-4,1
2696,16031,4124-5,1
2697,16031,4124-6,1
2698,16031,4124-7,1
2699,16031,4124-8,1
2700,16031,4124-9,1
2701,16034,7731-1,1
2702,16034,7732-1,1
2703,16034,7733-1,1
2704,16034,7734-1,1
2705,16070,322-1,1
2706,16102,8057-1,1
2707,16102,8058-1,1
2708,16102,8059-1,1
2709,16102,8080-1,1
2710,16117,8621-1,1
2711,16117,8622-1,1
2712,16117,8623-1,1
2713,16126,8550-1,1
2714,16126,8551-1,1
2715,16126,8552-1,1
2716,16126,8553-1,1
2717,16126,8554-1,1
2718,16126,8555-1,1
2719,16126,8560-1,1
2720,16126,8561-1,1
2721,16126,8562-1,1
2722,16126,8563-1,1
2723,16126,8564-1,1
2724,16126,8565-1,1
2725,16127,10024-1,1
2726,16127,3451-1,1
2727,16131,1496-1,1
2728,16131,1497-1,1
2729,16138,3074-1,1
2730,16138,3075-1,1
2731,16138,3076-1,1
2732,16138,3077-1,1
2733,16150,3885-2,1
2734,16159,5969-1,1
2735,16159,5970-1,1
2736,16159,5972-1,1
2737,16159,5973-1,1
2738,16159,8400-1,1
2739,16180,9469-1,1
2740,16180,9470-1,1
2741,16180,9471-1,1
2742,16180,9472-1,1
2743,16180,9473-1,1
2744,16180,9474-1,1
2745,16180,9476-1,1
2746,16210,1790-1,1
2747,16210,1791-1,1
2748,16210,1792-1,1
2749,16226,3741-1,1
2750,16226,3743-1,1
2751,16254,6235-1,1
2752,16254,6245-1,1
2753,16319,20201-1,1
2754,16319,20202-1,1
2755,16337,8083-1,1
2756,16337,8084-1,1
2757,16337,8092-1,1
2758,16371,4855-1,1
2759,16371,4856-1,1
2760,16371,4857-1,1
2761,16423,71013-1,1
2762,16423,71013-10,1
2763,16423,71013-11,1
2764,16423,71013-12,1
2765,16423,71013-13,1
2766,16423,71013-14,1
2767,16423,71013-15,1
2768,16423,71013-16,1
2769,16423,71013-2,1
2770,16423,71013-3,1
2771,16423,71013-4,1
2772,16423,71013-5,1
2773,16423,71013-6,1
2774,16423,71013-7,1
2775,16423,71013-8,1
2776,16423,71013-9,1
2777,16460,71012-1,1
2778,16460,71012-10,1
2779,16460,71012-11,1
2780,16460,71012-12,1
2781,16460,71012-13,1
2782,16460,71012-14,1
2783,16460,71012-15,1
2784,16460,71012-16,1
2785,16460,71012-17,1
2786,16460,71012-18,1
2787,16460,71012-2,1
2788,16460,71012-3,1
2789,16460,71012-4,1
2790,16460,71012-5,1
2791,16460,71012-6,1
2792,16460,71012-7,1
2793,16460,71012-8,1
2794,16460,71012-9,1
2795,16593,71014-1,1
2796,16593,71014-10,1
2797,16593,71014-11,1
2798,16593,71014-12,1
2799,16593,71014-13,1
2800,16593,71014-14,1
2801,16593,71014-15,1
2802,16593,71014-16,1
2803,16593,71014-2,1
2804,16593,71014-3,1
2805,16593,71014-4,1
2806,16593,71014-5,1
2807,16593,71014-6,1
2808,16593,71014-7,1
2809,16593,71014-8,1
2810,16593,71014-9,1
2811,16594,71017-1,1
2812,16594,71017-10,1
2813,16594,71017-11,1
2814,16594,71017-12,1
2815,16594,71017-13,1
2816,16594,71017-14,1
2817,16594,71017-15,1
2818,16594,71017-16,1
2819,16594,71017-17,1
2820,16594,71017-18,1
2821,16594,71017-19,1
2822,16594,71017-2,1
2823,16594,71017-20,2
2824,16594,71017-3,1
2825,16594,71017-4,1
2826,16594,71017-5,1
2827,16594,71017-6,1
2828,16594,71017-7,1
2829,16594,71017-8,1
2830,16594,71017-9,1
2831,18701,71018-1,1
2832,18701,71018-10,1
2833,18701,71018-11,1
2834,18701,71018-12,1
2835,18701,71018-13,1
2836,18701,71018-14,1
2837,18701,71018-15,1
2838,18701,71018-16,1
2839,18701,71018-2,1
2840,18701,71018-3,1
2841,18701,71018-4,1
2842,18701,71018-5,1
2843,18701,71018-6,1
2844,18701,71018-7,1
2845,18701,71018-8,1
2846,18701,71018-9,1
